asn,Count
AS14061,2418
AS132203,2269
AS45090,1265
AS4134,772
AS45102,552
AS16276,489
AS4837,332
AS4766,321
AS8075,262
AS37963,234
AS36352,226
AS210644,199
AS136052,197
AS58519,189
AS51167,185
AS396982,176
AS135377,173
AS4812,163
AS137718,160
AS9808,153
AS4811,151
AS38365,149
AS23724,145
AS58461,135
AS1221,120
AS7713,113
AS8151,112
AS31898,101
AS142403,96
AS7552,88
AS134768,86
AS58466,81
AS3462,80
AS4808,78
AS16509,74
AS60729,69
AS7922,68
AS24940,67
AS138152,66
AS8560,64
AS24086,62
AS9318,62
AS137280,61
AS45899,60
AS63949,59
AS3786,57
AS4788,55
AS7303,55
,54
AS17858,53
AS9829,53
AS53667,52
AS27699,52
AS38283,51
AS202468,50
AS135905,49
AS12389,49
AS60077,48
AS12876,47
AS24560,47
AS3269,43
AS3320,42
AS4760,42
AS26496,40
AS139482,39
AS9498,39
AS35916,38
AS22927,38
AS141679,36
AS61173,36
AS140810,36
AS152194,36
AS56971,36
AS58563,35
AS133774,35
AS3209,35
AS47890,33
AS135089,32
AS44477,32
AS55836,31
AS28573,31
AS328224,29
AS215439,29
AS55720,29
AS63835,28
AS19871,27
AS1257,27
AS56046,27
AS55990,27
AS138608,26
AS24309,26
AS26599,26
AS399486,25
AS140527,25
AS18403,25
AS209605,24
AS40021,24
AS14618,24
AS9123,24
AS6568,23
AS1267,23
AS40065,23
AS18881,23
AS142032,23
AS7018,23
AS51852,22
AS25820,22
AS24757,22
AS13335,22
AS56005,21
AS59187,21
AS48090,21
AS4835,21
AS203214,21
AS136170,21
AS17995,21
AS48716,21
AS5384,21
AS3215,21
AS136907,21
AS12322,20
AS148981,20
AS46606,20
AS135161,20
AS14080,20
AS9299,20
AS60404,19
AS3132,19
AS58791,19
AS4816,19
AS3816,19
AS141995,19
AS56041,19
AS4847,19
AS8048,19
AS21859,19
AS10620,19
AS2914,18
AS133296,18
AS4224,17
AS151734,17
AS53006,17
AS3352,17
AS49505,17
AS3243,17
AS17421,17
AS137693,17
AS3301,17
AS9269,17
AS13489,17
AS8452,17
AS45117,17
AS401120,16
AS6805,16
AS23201,16
AS57269,16
AS43754,16
AS16735,16
AS17451,16
AS12479,16
AS401115,15
AS5650,15
AS45758,15
AS14593,15
AS58212,15
AS5617,15
AS134238,15
AS142002,15
AS8473,15
AS48715,15
AS5429,14
AS25184,14
AS58955,14
AS6799,14
AS24186,14
AS27882,14
AS134420,14
AS22612,14
AS45820,14
AS17621,14
AS215540,14
AS197540,14
AS396507,13
AS63023,13
AS58541,13
AS15802,13
AS202660,13
AS9304,13
AS199785,13
AS9009,13
AS9381,13
AS56040,13
AS140292,13
AS211849,12
AS23650,12
AS8193,12
AS11664,12
AS577,12
AS6730,12
AS138915,12
AS137687,12
AS21499,12
AS24444,12
AS12874,12
AS5483,12
AS22773,12
AS17557,12
AS135953,11
AS1101,11
AS263333,11
AS38700,11
AS8100,11
AS35682,11
AS48011,11
AS8402,11
AS27895,11
AS200000,11
AS20115,11
AS5432,11
AS26210,11
AS30722,11
AS140061,11
AS8167,11
AS56851,11
AS44486,11
AS134756,11
AS15557,11
AS9931,11
AS10429,11
AS852,11
AS58224,11
AS137699,10
AS137443,10
AS132335,10
AS6849,10
AS7506,10
AS400619,10
AS12975,10
AS49870,10
AS9595,10
AS2119,10
AS22884,10
AS29182,10
AS52368,10
AS56047,10
AS212219,10
AS141998,10
AS212552,10
AS398101,10
AS23969,10
AS55933,10
AS47583,10
AS138239,9
AS140791,9
AS26615,9
AS2856,9
AS9930,9
AS27747,9
AS8342,9
AS8447,9
AS45916,9
AS17552,9
AS6128,9
AS9121,9
AS52468,9
AS58593,9
AS36947,9
AS41745,9
AS50340,9
AS19037,9
AS51559,9
AS3216,9
AS28343,9
AS212803,8
AS43260,8
AS63961,8
AS6713,8
AS17924,8
AS9658,8
AS4750,8
AS984,8
AS45903,8
AS17639,8
AS131353,8
AS56044,8
AS60631,8
AS9891,8
AS135918,8
AS9198,8
AS701,8
AS15169,8
AS266178,7
AS6718,7
AS198093,7
AS132525,7
AS21334,7
AS134761,7
AS42624,7
AS59078,7
AS399804,7
AS131423,7
AS200350,7
AS131414,7
AS17882,7
AS209638,7
AS4800,7
AS41378,7
AS19318,7
AS200651,7
AS34918,7
AS11562,7
AS9329,7
AS12430,7
AS197695,7
AS17762,7
AS61512,7
AS12714,7
AS29518,7
AS3303,7
AS18209,7
AS18229,7
AS8796,7
AS7738,7
AS11426,7
AS20473,7
AS45458,7
AS5769,7
AS2527,7
AS51269,6
AS59019,6
AS136827,6
AS12297,6
AS16591,6
AS278,6
AS44244,6
AS327934,6
AS150820,6
AS9674,6
AS140804,6
AS132280,6
AS136209,6
AS207566,6
AS37532,6
AS58065,6
AS11014,6
AS214943,6
AS24445,6
AS6147,6
AS12353,6
AS44925,6
AS8346,6
AS23956,6
AS35612,6
AS63838,6
AS133481,6
AS138968,6
AS57043,6
AS6848,6
AS9484,6
AS23860,6
AS132372,6
AS6167,6
AS9031,6
AS4609,6
AS27843,6
AS136958,6
AS6327,6
AS6400,6
AS23764,6
AS28649,6
AS1136,6
AS19108,6
AS7029,6
AS20001,6
AS57523,6
AS9335,6
AS12400,6
AS42610,6
AS131111,6
AS216071,6
AS46475,6
AS216246,6
AS48737,5
AS28580,5
AS215730,5
AS18206,5
AS150867,5
AS215766,5
AS58946,5
AS25369,5
AS263702,5
AS266730,5
AS210731,5
AS133278,5
AS198953,5
AS138718,5
AS133776,5
AS17878,5
AS141159,5
AS8070,5
AS25513,5
AS1916,5
AS13999,5
AS139981,5
AS268323,5
AS14868,5
AS17676,5
AS23752,5
AS150436,5
AS140825,5
AS48282,5
AS4713,5
AS9919,5
AS17809,5
AS4761,5
AS208161,5
AS210558,5
AS7684,5
AS60490,5
AS134765,5
AS209641,5
AS43766,5
AS11427,5
AS206065,5
AS30823,5
AS36884,5
AS206264,5
AS12271,5
AS19429,5
AS20055,5
AS135951,5
AS2516,5
AS11172,5
AS36007,5
AS5410,5
AS10796,5
AS24400,5
AS36903,5
AS45538,5
AS132199,5
AS135967,5
AS174,5
AS29256,5
AS9541,5
AS17816,5
AS51396,5
AS9341,5
AS14988,4
AS24282,4
AS59425,4
AS62633,4
AS147070,4
AS24532,4
AS204457,4
AS150834,4
AS7727,4
AS13045,4
AS200217,4
AS137539,4
AS27669,4
AS39501,4
AS213230,4
AS399045,4
AS151858,4
AS139988,4
AS25106,4
AS33765,4
AS42739,4
AS58945,4
AS131965,4
AS134904,4
AS139009,4
AS20057,4
AS135987,4
AS16629,4
AS45773,4
AS7992,4
AS56042,4
AS201814,4
AS51431,4
AS37061,4
AS24835,4
AS28683,4
AS210083,4
AS9371,4
AS50580,4
AS51026,4
AS9534,4
AS20661,4
AS28201,4
AS41733,4
AS11878,4
AS18222,4
AS24550,4
AS133982,4
AS399077,4
AS24631,4
AS131366,4
AS4773,4
AS20746,4
AS33915,4
AS56300,4
AS10103,4
AS27651,4
AS137698,4
AS207713,4
AS269783,4
AS394695,4
AS20857,4
AS24863,4
AS58772,4
AS138195,4
AS396356,4
AS7545,4
AS17623,4
AS35805,4
AS48287,4
AS134365,4
AS401116,4
AS4618,4
AS5089,4
AS38264,4
AS397031,4
AS17625,4
AS10299,4
AS11351,4
AS14259,4
AS56048,4
AS150862,4
AS11492,4
AS12735,4
AS42337,4
AS51847,4
AS63737,4
AS208046,4
AS214822,4
AS399629,4
AS8359,4
AS9260,4
AS12810,4
AS14117,4
AS26383,4
AS33588,4
AS37705,4
AS38136,4
AS51659,4
AS8412,4
AS38513,4
AS43581,4
AS213807,4
AS9583,4
AS24955,4
AS29119,4
AS49635,4
AS207569,4
AS215590,4
AS133800,4
AS268581,4
AS205090,4
AS27720,3
AS36680,3
AS42682,3
AS396073,3
AS24496,3
AS139029,3
AS139293,3
AS141286,3
AS147287,3
AS200406,3
AS205820,3
AS206092,3
AS47764,3
AS262318,3
AS268350,3
AS270515,3
AS12824,3
AS13285,3
AS21491,3
AS152705,3
AS39287,3
AS24139,3
AS133770,3
AS141124,3
AS262725,3
AS19084,3
AS28584,3
AS45410,3
AS58405,3
AS139282,3
AS211724,3
AS37182,3
AS140819,3
AS9908,3
AS13579,3
AS31972,3
AS133719,3
AS146988,3
AS266841,3
AS34989,3
AS38841,3
AS131386,3
AS9038,3
AS9050,3
AS36925,3
AS43162,3
AS45996,3
AS140096,3
AS212063,3
AS17488,3
AS17665,3
AS29066,3
AS31200,3
AS50928,3
AS133643,3
AS134926,3
AS140293,3
AS146943,3
AS203000,3
AS266673,3
AS4230,3
AS4621,3
AS4780,3
AS35549,3
AS37284,3
AS55666,3
AS135222,3
AS139220,3
AS8612,3
AS18109,3
AS21351,3
AS131706,3
AS12083,3
AS24122,3
AS33182,3
AS35372,3
AS39927,3
AS63859,3
AS4764,3
AS49037,3
AS58898,3
AS198831,3
AS262459,3
AS327687,3
AS17917,3
AS37282,3
AS56322,3
AS60558,3
AS63888,3
AS133695,3
AS142036,3
AS5408,3
AS18001,3
AS62904,3
AS209155,3
AS212860,3
AS213035,3
AS9952,3
AS34534,3
AS45528,3
AS214209,3
AS1547,3
AS6300,3
AS8881,3
AS27947,3
AS45905,3
AS136188,3
AS4775,3
AS9443,3
AS9988,3
AS12660,3
AS16135,3
AS28006,3
AS29314,3
AS31034,3
AS31549,3
AS49581,3
AS54825,3
AS57494,3
AS63526,3
AS131596,3
AS137697,3
AS200590,3
AS211056,3
AS979,3
AS2514,3
AS7633,3
AS18002,3
AS20860,3
AS24961,3
AS35104,3
AS38794,3
AS56309,3
AS63199,3
AS133676,3
AS200845,3
AS208677,3
AS210218,3
AS3549,3
AS5607,3
AS6697,3
AS6878,3
AS16116,3
AS16814,3
AS21928,3
AS27983,3
AS33363,3
AS38482,3
AS54290,3
AS206495,3
AS216127,3
AS4515,3
AS4755,3
AS14051,3
AS41704,3
AS135357,3
AS23889,3
AS35807,3
AS59441,3
AS63473,3
AS140641,3
AS205275,3
AS21599,3
AS133380,3
AS12849,3
AS136970,3
AS214922,3
AS16019,3
AS20676,3
AS36992,3
AS10220,2
AS11888,2
AS19182,2
AS20278,2
AS27847,2
AS33771,2
AS37002,2
AS43847,2
AS44820,2
AS48479,2
AS52594,2
AS55639,2
AS64079,2
AS132787,2
AS136873,2
AS139811,2
AS140171,2
AS141126,2
AS153362,2
AS207083,2
AS262415,2
AS265786,2
AS266114,2
AS812,2
AS15964,2
AS19180,2
AS23563,2
AS23923,2
AS27715,2
AS38712,2
AS47887,2
AS132625,2
AS134945,2
AS135801,2
AS138995,2
AS139959,2
AS201295,2
AS205138,2
AS9924,2
AS15962,2
AS17853,2
AS34984,2
AS35179,2
AS47242,2
AS58543,2
AS131392,2
AS136798,2
AS137335,2
AS150884,2
AS200514,2
AS263186,2
AS266354,2
AS7162,2
AS11556,2
AS25198,2
AS34974,2
AS41007,2
AS208972,2
AS216248,2
AS262958,2
AS327931,2
AS328200,2
AS2116,2
AS9905,2
AS14576,2
AS24547,2
AS28670,2
AS35251,2
AS36926,2
AS61751,2
AS133199,2
AS134366,2
AS153371,2
AS211138,2
AS269846,2
AS1955,2
AS3790,2
AS9927,2
AS17439,2
AS17465,2
AS25515,2
AS33885,2
AS38071,2
AS38248,2
AS41668,2
AS43567,2
AS50053,2
AS132453,2
AS6939,2
AS12252,2
AS37613,2
AS38147,2
AS55410,2
AS57860,2
AS140105,2
AS151704,2
AS151853,2
AS200313,2
AS208131,2
AS214231,2
AS262543,2
AS270243,2
AS12912,2
AS36917,2
AS47119,2
AS50113,2
AS53338,2
AS135061,2
AS139989,2
AS140827,2
AS209033,2
AS263476,2
AS12338,2
AS17813,2
AS18186,2
AS33796,2
AS38210,2
AS45298,2
AS45658,2
AS55501,2
AS58066,2
AS64026,2
AS146966,2
AS149130,2
AS152881,2
AS262210,2
AS328364,2
AS328545,2
AS17726,2
AS21283,2
AS27176,2
AS52361,2
AS134040,2
AS137147,2
AS151893,2
AS207656,2
AS212913,2
AS273508,2
AS932,2
AS1659,2
AS2107,2
AS4637,2
AS8866,2
AS9441,2
AS12741,2
AS15943,2
AS18734,2
AS19994,2
AS20485,2
AS24530,2
AS27951,2
AS28618,2
AS29695,2
AS32097,2
AS37100,2
AS38235,2
AS41608,2
AS41754,2
AS44709,2
AS48347,2
AS55423,2
AS55803,2
AS56478,2
AS58678,2
AS58819,2
AS59162,2
AS132116,2
AS133115,2
AS150452,2
AS197834,2
AS207326,2
AS211301,2
AS263686,2
AS270353,2
AS3326,2
AS4663,2
AS4787,2
AS8315,2
AS9370,2
AS10834,2
AS13188,2
AS13490,2
AS14754,2
AS17754,2
AS18747,2
AS29049,2
AS30844,2
AS31028,2
AS31252,2
AS33070,2
AS38186,2
AS41897,2
AS42532,2
AS43641,2
AS45382,2
AS55824,2
AS56630,2
AS63139,2
AS131090,2
AS133119,2
AS133593,2
AS134674,2
AS134810,2
AS136287,2
AS209242,2
AS212238,2
AS262673,2
AS3356,2
AS6703,2
AS13110,2
AS15958,2
AS17222,2
AS17854,2
AS18182,2
AS21299,2
AS25540,2
AS28840,2
AS37148,2
AS42708,2
AS45753,2
AS49100,2
AS55293,2
AS55685,2
AS58495,2
AS138950,2
AS198037,2
AS200482,2
AS200740,2
AS202425,2
AS262916,2
AS398721,2
AS2280,2
AS4270,2
AS6739,2
AS8636,2
AS9286,2
AS9873,2
AS17638,2
AS18302,2
AS24514,2
AS37204,2
AS38623,2
AS38732,2
AS38818,2
AS38901,2
AS44217,2
AS48147,2
AS50463,2
AS50926,2
AS51645,2
AS57128,2
AS133524,2
AS215208,2
AS273309,2
AS209,2
AS5603,2
AS5610,2
AS8717,2
AS9976,2
AS13037,2
AS13370,2
AS16347,2
AS20845,2
AS21127,2
AS27823,2
AS27839,2
AS32181,2
AS34224,2
AS35706,2
AS35753,2
AS36907,2
AS36914,2
AS38733,2
AS46844,2
AS47330,2
AS51375,2
AS52307,2
AS57354,2
AS57378,2
AS58061,2
AS62468,2
AS132883,2
AS134286,2
AS134771,2
AS135777,2
AS150698,2
AS197450,2
AS2860,2
AS5413,2
AS9929,2
AS20632,2
AS20773,2
AS24164,2
AS24544,2
AS34636,2
AS36943,2
AS49468,2
AS49791,2
AS51219,2
AS63962,2
AS136557,2
AS7470,2
AS7979,2
AS8953,2
AS11419,2
AS13030,2
AS18207,2
AS22552,2
AS24154,2
AS24207,2
AS28598,2
AS44592,2
AS48161,2
AS48635,2
AS57391,2
AS133752,2
AS136258,2
AS204104,2
AS204997,2
AS210630,2
AS215987,2
AS216139,2
AS4685,2
AS6871,2
AS8551,2
AS14178,2
AS15440,2
AS23089,2
AS36692,2
AS41881,2
AS45061,2
AS58087,2
AS206888,2
AS262865,2
AS4538,2
AS9694,2
AS17884,2
AS42695,2
AS2027,1
AS4686,1
AS4804,1
AS5391,1
AS7456,1
AS7861,1
AS8399,1
AS8449,1
AS8562,1
AS9051,1
AS9145,1
AS10474,1
AS11290,1
AS11845,1
AS12150,1
AS12488,1
AS12708,1
AS15582,1
AS15830,1
AS15919,1
AS17444,1
AS20750,1
AS21005,1
AS21479,1
AS22611,1
AS23888,1
AS24492,1
AS24556,1
AS25035,1
AS25139,1
AS25607,1
AS27932,1
AS28665,1
AS28944,1
AS29030,1
AS29091,1
AS29262,1
AS30092,1
AS30953,1
AS30988,1
AS31510,1
AS32244,1
AS32475,1
AS34168,1
AS34342,1
AS34584,1
AS35986,1
AS37053,1
AS37336,1
AS37350,1
AS38121,1
AS38710,1
AS39368,1
AS41412,1
AS42116,1
AS42730,1
AS42841,1
AS43684,1
AS44061,1
AS44285,1
AS44395,1
AS44869,1
AS46785,1
AS46805,1
AS47118,1
AS48309,1
AS48763,1
AS49424,1
AS50010,1
AS50266,1
AS51200,1
AS51247,1
AS52794,1
AS54614,1
AS54641,1
AS55684,1
AS57835,1
AS58477,1
AS58507,1
AS58854,1
AS61263,1
AS63131,1
AS63787,1
AS131267,1
AS131767,1
AS132165,1
AS133273,1
AS134323,1
AS135257,1
AS135407,1
AS135920,1
AS136195,1
AS137674,1
AS138096,1
AS140443,1
AS140726,1
AS140760,1
AS141069,1
AS141898,1
AS141990,1
AS146932,1
AS149013,1
AS149125,1
AS150156,1
AS197554,1
AS198039,1
AS198187,1
AS199449,1
AS202984,1
AS208626,1
AS209279,1
AS210756,1
AS212283,1
AS213944,1
AS214820,1
AS215052,1
AS262942,1
AS263238,1
AS265862,1
AS266592,1
AS267239,1
AS267396,1
AS267507,1
AS271186,1
AS328611,1
AS395101,1
AS3170,1
AS3449,1
AS4658,1
AS6830,1
AS6863,1
AS6866,1
AS8220,1
AS8439,1
AS8764,1
AS9340,1
AS9416,1
AS9506,1
AS9902,1
AS10199,1
AS11404,1
AS12491,1
AS12695,1
AS13009,1
AS15447,1
AS15704,1
AS17501,1
AS17622,1
AS20207,1
AS20312,1
AS20677,1
AS23655,1
AS23700,1
AS23944,1
AS24173,1
AS24435,1
AS24521,1
AS24866,1
AS25227,1
AS25846,1
AS25933,1
AS28160,1
AS28189,1
AS28209,1
AS29231,1
AS29571,1
AS29802,1
AS30619,1
AS30855,1
AS30886,1
AS31122,1
AS31492,1
AS34876,1
AS34911,1
AS35047,1
AS36242,1
AS37518,1
AS39028,1
AS39134,1
AS42713,1
AS44066,1
AS44895,1
AS45305,1
AS46042,1
AS46558,1
AS47438,1
AS47733,1
AS47952,1
AS48753,1
AS50613,1
AS51043,1
AS52654,1
AS53089,1
AS53166,1
AS55688,1
AS57214,1
AS59135,1
AS60377,1
AS60602,1
AS61432,1
AS62164,1
AS64236,1
AS132298,1
AS132445,1
AS132960,1
AS133993,1
AS134113,1
AS135234,1
AS135661,1
AS135699,1
AS135718,1
AS135806,1
AS136171,1
AS136294,1
AS137451,1
AS137702,1
AS137964,1
AS138134,1
AS138136,1
AS138169,1
AS138982,1
AS139508,1
AS139996,1
AS140456,1
AS146996,1
AS149118,1
AS149734,1
AS149963,1
AS152156,1
AS198203,1
AS198610,1
AS198769,1
AS200475,1
AS201308,1
AS201776,1
AS202662,1
AS204804,1
AS206728,1
AS209160,1
AS213250,1
AS213373,1
AS214567,1
AS216300,1
AS262208,1
AS263073,1
AS263349,1
AS263717,1
AS264284,1
AS264321,1
AS265393,1
AS265493,1
AS266327,1
AS267285,1
AS268470,1
AS268622,1
AS268715,1
AS270069,1
AS270753,1
AS327941,1
AS328608,1
AS398395,1
AS400509,1
AS766,1
AS834,1
AS2519,1
AS3258,1
AS3925,1
AS4769,1
AS5087,1
AS5645,1
AS6855,1
AS7226,1
AS8615,1
AS8851,1
AS8968,1
AS9444,1
AS10013,1
AS10094,1
AS10439,1
AS13092,1
AS17547,1
AS17577,1
AS18024,1
AS20326,1
AS21699,1
AS22051,1
AS23316,1
AS25490,1
AS28178,1
AS28219,1
AS29544,1
AS29614,1
AS34300,1
AS34559,1
AS34757,1
AS36955,1
AS37468,1
AS38278,1
AS39020,1
AS41911,1
AS42245,1
AS43350,1
AS43451,1
AS44034,1
AS44845,1
AS48004,1
AS48207,1
AS48874,1
AS49126,1
AS49157,1
AS49453,1
AS49800,1
AS50716,1
AS51557,1
AS52260,1
AS55286,1
AS55947,1
AS55967,1
AS57044,1
AS58715,1
AS60781,1
AS61068,1
AS62183,1
AS62300,1
AS63018,1
AS63731,1
AS63801,1
AS131178,1
AS131773,1
AS133619,1
AS134014,1
AS135901,1
AS136698,1
AS137324,1
AS138198,1
AS138678,1
AS138737,1
AS139441,1
AS139549,1
AS139736,1
AS140481,1
AS140826,1
AS140833,1
AS142062,1
AS142341,1
AS149600,1
AS150075,1
AS150132,1
AS150636,1
AS150897,1
AS151885,1
AS199968,1
AS201579,1
AS203576,1
AS207143,1
AS207279,1
AS210079,1
AS210092,1
AS211183,1
AS211857,1
AS212271,1
AS214088,1
AS214348,1
AS215026,1
AS215633,1
AS215789,1
AS216234,1
AS262320,1
AS263693,1
AS264197,1
AS264582,1
AS265269,1
AS265523,1
AS265714,1
AS265831,1
AS266594,1
AS266623,1
AS268888,1
AS270075,1
AS270955,1
AS271206,1
AS329184,1
AS394869,1
AS2497,1
AS2561,1
AS5602,1
AS6134,1
AS6391,1
AS6699,1
AS6724,1
AS8368,1
AS8595,1
AS8732,1
AS9070,1
AS10226,1
AS12301,1
AS12438,1
AS12578,1
AS13280,1
AS15525,1
AS15774,1
AS17563,1
AS17769,1
AS18049,1
AS18106,1
AS19114,1
AS25019,1
AS25052,1
AS26609,1
AS27831,1
AS29075,1
AS29691,1
AS30058,1
AS30733,1
AS33991,1
AS34123,1
AS34244,1
AS35393,1
AS35728,1
AS36908,1
AS36920,1
AS38253,1
AS39074,1
AS39188,1
AS39405,1
AS39544,1
AS39608,1
AS41268,1
AS41634,1
AS41682,1
AS43278,1
AS43830,1
AS44051,1
AS45413,1
AS45487,1
AS47216,1
AS47283,1
AS49160,1
AS50186,1
AS50821,1
AS53016,1
AS53055,1
AS53107,1
AS53610,1
AS54801,1
AS55592,1
AS57332,1
AS58731,1
AS59895,1
AS60567,1
AS61106,1
AS63500,1
AS63760,1
AS132153,1
AS133073,1
AS133159,1
AS133905,1
AS134175,1
AS134337,1
AS135654,1
AS136284,1
AS136627,1
AS138065,1
AS138246,1
AS138277,1
AS138317,1
AS138926,1
AS139021,1
AS139994,1
AS140739,1
AS140832,1
AS141659,1
AS147176,1
AS147279,1
AS149132,1
AS149526,1
AS151872,1
AS198602,1
AS202870,1
AS203758,1
AS204428,1
AS207821,1
AS208208,1
AS210278,1
AS211381,1
AS212396,1
AS212531,1
AS262773,1
AS262907,1
AS263242,1
AS263246,1
AS263258,1
AS264004,1
AS266273,1
AS266966,1
AS267033,1
AS267289,1
AS267378,1
AS267826,1
AS269136,1
AS270344,1
AS271904,1
AS272045,1
AS272122,1
AS327799,1
AS328668,1
AS328993,1
AS397283,1
AS398191,1
AS1002,1
AS1680,1
AS3238,1
AS3737,1
AS4739,1
AS5387,1
AS7489,1
AS8069,1
AS8334,1
AS8849,1
AS9430,1
AS10099,1
AS10109,1
AS10225,1
AS10431,1
AS10733,1
AS11232,1
AS11835,1
AS11961,1
AS12586,1
AS13649,1
AS16223,1
AS18809,1
AS19901,1
AS21305,1
AS22860,1
AS23470,1
AS23693,1
AS23991,1
AS24589,1
AS25248,1
AS31363,1
AS31430,1
AS35758,1
AS36224,1
AS36924,1
AS36986,1
AS37153,1
AS38019,1
AS38229,1
AS39153,1
AS40092,1
AS41786,1
AS45286,1
AS45558,1
AS45650,1
AS47674,1
AS49063,1
AS49556,1
AS49666,1
AS51074,1
AS51407,1
AS52148,1
AS52680,1
AS52800,1
AS52893,1
AS52995,1
AS53120,1
AS53292,1
AS54512,1
AS54578,1
AS55653,1
AS57497,1
AS58254,1
AS58397,1
AS61581,1
AS61960,1
AS61998,1
AS62370,1
AS64018,1
AS131429,1
AS132296,1
AS132779,1
AS133322,1
AS134020,1
AS134319,1
AS134425,1
AS134542,1
AS134766,1
AS135310,1
AS135932,1
AS136065,1
AS136629,1
AS136727,1
AS137409,1
AS137905,1
AS138077,1
AS138156,1
AS138346,1
AS139080,1
AS140227,1
AS141004,1
AS141639,1
AS141918,1
AS141987,1
AS142448,1
AS149178,1
AS149837,1
AS150008,1
AS150462,1
AS150504,1
AS150734,1
AS198154,1
AS198397,1
AS199707,1
AS200466,1
AS203380,1
AS208955,1
AS209628,1
AS209805,1
AS211971,1
AS212477,1
AS215479,1
AS215761,1
AS216475,1
AS262468,1
AS262688,1
AS262794,1
AS262826,1
AS262873,1
AS263040,1
AS263980,1
AS265310,1
AS266533,1
AS267601,1
AS268873,1
AS268935,1
AS270360,1
AS270697,1
AS272547,1
AS328171,1
AS328408,1
AS328543,1
AS680,1
AS2764,1
AS3214,1
AS4007,1
AS4648,1
AS4694,1
AS4771,1
AS6181,1
AS6407,1
AS7160,1
AS7474,1
AS7590,1
AS9066,1
AS10029,1
AS10045,1
AS12392,1
AS12552,1
AS12754,1
AS12764,1
AS13576,1
AS15311,1
AS17072,1
AS19527,1
AS20626,1
AS21050,1
AS22724,1
AS23679,1
AS23947,1
AS24806,1
AS26832,1
AS28252,1
AS28548,1
AS28917,1
AS29222,1
AS29513,1
AS29580,1
AS31370,1
AS34047,1
AS34959,1
AS34999,1
AS35244,1
AS35278,1
AS35539,1
AS37013,1
AS37184,1
AS37219,1
AS37305,1
AS37371,1
AS37492,1
AS44724,1
AS45700,1
AS47273,1
AS49320,1
AS49872,1
AS49889,1
AS51004,1
AS51112,1
AS52241,1
AS52493,1
AS52769,1
AS52777,1
AS52904,1
AS53172,1
AS53587,1
AS55577,1
AS56150,1
AS56153,1
AS57279,1
AS58539,1
AS59833,1
AS60032,1
AS60721,1
AS63491,1
AS132300,1
AS133398,1
AS133685,1
AS134543,1
AS135566,1
AS136778,1
AS137318,1
AS137389,1
AS137785,1
AS138421,1
AS139955,1
AS140869,1
AS141107,1
AS141108,1
AS141771,1
AS147224,1
AS149148,1
AS149240,1
AS149641,1
AS150142,1
AS151712,1
AS196854,1
AS198068,1
AS198100,1
AS199860,1
AS200019,1
AS201133,1
AS202619,1
AS202921,1
AS204107,1
AS205647,1
AS206119,1
AS207992,1
AS209836,1
AS210172,1
AS210194,1
AS210602,1
AS216240,1
AS262418,1
AS263703,1
AS264654,1
AS266416,1
AS267501,1
AS268241,1
AS268845,1
AS269311,1
AS269990,1
AS270406,1
AS270535,1
AS271814,1
AS272059,1
AS396122,1
AS400633,1
AS401104,1
AS6461,1
AS6921,1
AS7194,1
AS7565,1
AS8758,1
AS8767,1
AS8788,1
AS9028,1
AS9943,1
AS12605,1
AS12709,1
AS13036,1
AS14522,1
AS15516,1
AS15796,1
AS17506,1
AS17551,1
AS17608,1
AS18978,1
AS20904,1
AS22690,1
AS23678,1
AS24138,1
AS24877,1
AS24945,1
AS25386,1
AS25853,1
AS26617,1
AS27382,1
AS27987,1
AS28075,1
AS28126,1
AS28194,1
AS28594,1
AS31257,1
AS33576,1
AS34797,1
AS34871,1
AS35042,1
AS35091,1
AS37119,1
AS37385,1
AS37542,1
AS38203,1
AS38320,1
AS38457,1
AS38661,1
AS40786,1
AS42082,1
AS42548,1
AS45194,1
AS48166,1
AS49628,1
AS50782,1
AS50867,1
AS51300,1
AS51604,1
AS52000,1
AS52142,1
AS52308,1
AS52935,1
AS53153,1
AS54600,1
AS56377,1
AS57858,1
AS58504,1
AS60042,1
AS60148,1
AS60976,1
AS61583,1
AS61621,1
AS63996,1
AS131740,1
AS131921,1
AS132137,1
AS132519,1
AS132585,1
AS133255,1
AS133661,1
AS133674,1
AS134614,1
AS134823,1
AS135235,1
AS136038,1
AS136787,1
AS137047,1
AS138029,1
AS138806,1
AS139659,1
AS140711,1
AS140717,1
AS140764,1
AS141049,1
AS141097,1
AS141127,1
AS142286,1
AS142364,1
AS150263,1
AS151675,1
AS197019,1
AS197078,1
AS197667,1
AS197984,1
AS202302,1
AS202376,1
AS202391,1
AS204548,1
AS211619,1
AS213795,1
AS215863,1
AS263320,1
AS263474,1
AS264452,1
AS264562,1
AS265703,1
AS268750,1
AS272174,1
AS327764,1
AS327771,1
AS328847,1
AS393889,1
AS394709,1
AS396126,1
AS397361,1
AS397731,1
AS399820,1
AS2515,1
AS3266,1
AS3292,1
AS4385,1
AS5588,1
AS7040,1
AS8251,1
AS8542,1
AS9319,1
AS9790,1
AS10088,1
AS12332,1
AS12722,1
AS13739,1
AS15353,1
AS15640,1
AS15826,1
AS15895,1
AS17839,1
AS18187,1
AS21413,1
AS23106,1
AS24534,1
AS24822,1
AS25374,1
AS25620,1
AS28146,1
AS28250,1
AS29107,1
AS30083,1
AS31163,1
AS31242,1
AS34853,1
AS35141,1
AS37451,1
AS37517,1
AS38673,1
AS38727,1
AS38758,1
AS38984,1
AS39798,1
AS40244,1
AS41297,1
AS41661,1
AS41665,1
AS41798,1
AS42263,1
AS42291,1
AS42581,1
AS42846,1
AS47241,1
AS48128,1
AS48314,1
AS51035,1
AS52363,1
AS53184,1
AS59943,1
AS61942,1
AS62068,1
AS62731,1
AS63873,1
AS63886,1
AS63969,1
AS131628,1
AS131761,1
AS132420,1
AS133200,1
AS134928,1
AS135354,1
AS135523,1
AS135863,1
AS135942,1
AS136323,1
AS136359,1
AS137166,1
AS138062,1
AS138244,1
AS139294,1
AS139841,1
AS140389,1
AS140469,1
AS147177,1
AS149124,1
AS150187,1
AS150609,1
AS150860,1
AS151112,1
AS152179,1
AS153087,1
AS197623,1
AS198725,1
AS198985,1
AS199782,1
AS201200,1
AS201729,1
AS201848,1
AS204035,1
AS204154,1
AS205516,1
AS206075,1
AS207027,1
AS207305,1
AS209588,1
AS212607,1
AS214798,1
AS215240,1
AS216074,1
AS262378,1
AS262497,1
AS262514,1
AS262675,1
AS262690,1
AS262761,1
AS263950,1
AS264294,1
AS264411,1
AS264631,1
AS264954,1
AS265377,1
AS267575,1
AS268078,1
AS268927,1
AS269615,1
AS270603,1
AS270814,1
AS271511,1
AS327724,1
AS328188,1
AS328469,1
AS395793,1
AS398343,1
AS1741,1
AS1759,1
AS2518,1
AS3329,1
AS3758,1
AS8312,1
AS8369,1
AS9146,1
AS9232,1
AS9271,1
AS11260,1
AS12093,1
AS12302,1
AS12455,1
AS12494,1
AS15468,1
AS17420,1
AS17426,1
AS18046,1
AS20776,1
AS21378,1
AS21483,1
AS21788,1
AS23674,1
AS25159,1
AS25291,1
AS25521,1
AS26548,1
AS28585,1
AS30277,1
AS31245,1
AS31246,1
AS31423,1
AS35214,1
AS37054,1
AS37125,1
AS37228,1
AS37480,1
AS39216,1
AS41164,1
AS41275,1
AS41627,1
AS42560,1
AS44076,1
AS45007,1
AS45634,1
AS47154,1
AS47586,1
AS48096,1
AS50118,1
AS50360,1
AS51468,1
AS52273,1
AS52286,1
AS52936,1
AS53048,1
AS54198,1
AS55081,1
AS55330,1
AS57935,1
AS59253,1
AS59702,1
AS60534,1
AS61800,1
AS62564,1
AS63879,1
AS131127,1
AS131378,1
AS132167,1
AS134009,1
AS134311,1
AS134333,1
AS134475,1
AS135133,1
AS135256,1
AS137872,1
AS138089,1
AS138692,1
AS139201,1
AS139422,1
AS139587,1
AS139982,1
AS140429,1
AS141584,1
AS147161,1
AS149078,1
AS149147,1
AS149364,1
AS149440,1
AS150265,1
AS150900,1
AS151752,1
AS152485,1
AS197422,1
AS199636,1
AS201150,1
AS203476,1
AS203714,1
AS203953,1
AS205388,1
AS205718,1
AS208091,1
AS208314,1
AS209012,1
AS209835,1
AS211720,1
AS212645,1
AS213167,1
AS215346,1
AS216014,1
AS216167,1
AS262809,1
AS263513,1
AS263665,1
AS264899,1
AS265919,1
AS265949,1
AS266169,1
AS266453,1
AS267837,1
AS267938,1
AS268041,1
AS268205,1
AS269832,1
AS270497,1
AS270660,1
AS272085,1
AS273683,1
AS327943,1
AS396426,1
AS397270,1
AS719,1
AS2586,1
AS2611,1
AS3302,1
AS4594,1
AS4657,1
AS5713,1
AS6364,1
AS6821,1
AS8374,1
AS8926,1
AS9287,1
AS9294,1
AS9617,1
AS9812,1
AS10010,1
AS11814,1
AS12591,1
AS13000,1
AS13213,1
AS15924,1
AS16097,1
AS20011,1
AS20454,1
AS21267,1
AS24342,1
AS25255,1
AS25543,1
AS26505,1
AS27717,1
AS27984,1
AS28668,1
AS28885,1
AS29582,1
AS31042,1
AS33067,1
AS34702,1
AS35598,1
AS37185,1
AS37717,1
AS38082,1
AS38719,1
AS39102,1
AS39612,1
AS41202,1
AS41436,1
AS41496,1
AS41508,1
AS42140,1
AS42961,1
AS43132,1
AS43289,1
AS43314,1
AS44208,1
AS45430,1
AS45588,1
AS47436,1
AS47447,1
AS47782,1
AS47810,1
AS48416,1
AS49532,1
AS49808,1
AS50840,1
AS51013,1
AS52866,1
AS52965,1
AS55352,1
AS55430,1
AS57271,1
AS58540,1
AS59165,1
AS59371,1
AS61431,1
AS61745,1
AS63647,1
AS64316,1
AS131188,1
AS132054,1
AS132770,1
AS133594,1
AS134033,1
AS134316,1
AS134419,1
AS135212,1
AS135755,1
AS135915,1
AS136300,1
AS137982,1
AS138168,1
AS138884,1
AS139041,1
AS141347,1
AS141356,1
AS141516,1
AS142608,1
AS147293,1
AS149591,1
AS150516,1
AS151197,1
AS151756,1
AS198354,1
AS198770,1
AS200736,1
AS200738,1
AS203087,1
AS204203,1
AS207957,1
AS209828,1
AS210403,1
AS210542,1
AS210574,1
AS214438,1
AS216383,1
AS262316,1
AS262589,1
AS262797,1
AS263294,1
AS266538,1
AS266579,1
AS266806,1
AS268892,1
AS269302,1
AS269345,1
AS269360,1
AS269843,1
AS270286,1
AS271565,1
AS272786,1
AS327782,1
AS328088,1
AS393275,1
AS393521,1
AS400861,1
